company_size,count,ratio
5,822,0.34136213
6,491,0.20390365
7,420,0.17441860
8,373,0.15490033
9,302,0.12541528
