bin,count,mean_size,min_hit_count,min_hit_ratio,max_hit_count,max_hit_ratio
1-4,864984,1.930198,398990,0.461269,90769,0.104937
5-9,39939,6.541526,12902,0.323043,5195,0.130073
10-19,19943,13.681041,3323,0.166625,1123,0.056310
20-49,12316,29.446330,1022,0.082981,113,0.009175
50-249,6988,93.972667,404,0.057813,8,0.001145
250-1000,751,254.379494,165,0.219707,0,0.000000
