company_size,count,ratio
1,26037,0.47257514
2,14426,0.26183389
3,10098,0.18328009
4,4535,0.08231088
