company_size,count,ratio
10,268,0.18533887
11,193,0.13347165
12,167,0.11549101
13,163,0.11272476
14,154,0.10650069
15,140,0.09681881
16,110,0.07607192
17,95,0.06569848
18,88,0.06085754
19,68,0.04702628
