bucket,count,ratio
1,86303,0.92203075
2,126,0.00134614
3,233,0.00248929
4,166,0.00177349
5,4258,0.04549097
6,72,0.00076922
10,1599,0.01708315
11,48,0.00051282
12,7,0.00007479
20,584,0.00623925
21,36,0.00038461
22,16,0.00017094
23,3,0.00003205
50-54,140,0.00149571
55-59,10,0.00010684
