bucket,count,ratio
1,62257,0.98745400
5,517,0.00820010
10,184,0.00291841
20,64,0.00101510
50-54,26,0.00041238
