bucket,count,ratio
1,64344,0.94185842
5,2129,0.03116400
10,999,0.01462322
20,604,0.00884127
50-54,228,0.00333743
250-274,12,0.00017565
