bucket,count,ratio
1,30922,0.98174429
5,321,0.01019145
10,158,0.00501635
20,76,0.00241293
50-54,20,0.00063498
